/*
Navicat MySQL Data Transfer

Source Server         : localhost_3306
Source Server Version : 50703
Source Host           : localhost:3306
Source Database       : elknow

Target Server Type    : MYSQL
Target Server Version : 50703
File Encoding         : 65001

Date: 2017-05-16 10:43:53
*/

SET FOREIGN_KEY_CHECKS=0;

-- ----------------------------
-- Table structure for collect
-- ----------------------------
DROP TABLE IF EXISTS `collect`;
CREATE TABLE `collect` (
  `user_id` int(11) DEFAULT NULL,
  `know_id` int(11) DEFAULT NULL,
  `id` int(11) NOT NULL AUTO_INCREMENT,
  PRIMARY KEY (`id`)
) ENGINE=InnoDB AUTO_INCREMENT=12 DEFAULT CHARSET=utf8mb4;

-- ----------------------------
-- Records of collect
-- ----------------------------
INSERT INTO `collect` VALUES ('1', '4', '9');
INSERT INTO `collect` VALUES ('2', '19', '10');
INSERT INTO `collect` VALUES ('2', '16', '11');

-- ----------------------------
-- Table structure for comment
-- ----------------------------
DROP TABLE IF EXISTS `comment`;
CREATE TABLE `comment` (
  `id` int(11) NOT NULL AUTO_INCREMENT,
  `user_id` int(11) NOT NULL,
  `content` varchar(255) CHARACTER SET utf8 DEFAULT NULL,
  `create_time` datetime DEFAULT NULL,
  `parent_id` int(11) DEFAULT NULL,
  `like_count` int(11) DEFAULT NULL,
  `know_id` int(11) NOT NULL COMMENT '文章id',
  PRIMARY KEY (`id`)
) ENGINE=InnoDB AUTO_INCREMENT=60 DEFAULT CHARSET=utf8mb4;

-- ----------------------------
-- Records of comment
-- ----------------------------
INSERT INTO `comment` VALUES ('1', '0', null, null, '0', null, '0');
-- ----------------------------
-- Table structure for knowledge
-- ----------------------------
DROP TABLE IF EXISTS `knowledge`;
CREATE TABLE `knowledge` (
  `id` int(11) NOT NULL AUTO_INCREMENT,
  `isOnline` int(11) DEFAULT '0',
  `user_id` int(11) DEFAULT NULL,
  `create_time` datetime DEFAULT NULL,
  `title` varchar(20) DEFAULT NULL,
  `read_counts` int(11) DEFAULT '0',
  `comment_counts` int(11) DEFAULT '0',
  `collect_counts` int(11) unsigned DEFAULT '0',
  `content` blob,
  `abstract` varchar(255) DEFAULT NULL,
  `classify` int(11) DEFAULT '0',
  `classifys` varchar(50) DEFAULT NULL,
  PRIMARY KEY (`id`)
) ENGINE=InnoDB AUTO_INCREMENT=20 DEFAULT CHARSET=utf8mb4;

-- ----------------------------
-- Records of knowledge
-- ----------------------------
INSERT INTO `knowledge` VALUES ('4', '0', '1', '2017-05-08 15:12:28', '好像可以xiugai文章了，试试asd', '50', '0', '1', 0x3C703EE58685E5AEB9EFBC9A3C696D67207372633D22687474703A2F2F696D672E742E73696E616A732E636E2F74342F6170707374796C652F65787072657373696F6E2F6578742F6E6F726D616C2F61662F6B6C5F7468756D622E676966223E3C696D67207372633D22687474703A2F2F696D672E742E73696E616A732E636E2F74342F6170707374796C652F65787072657373696F6E2F6578742F6E6F726D616C2F36642F79785F7468756D622E676966223E3C696D67207372633D22687474703A2F2F696D672E742E73696E616A732E636E2F74342F6170707374796C652F65787072657373696F6E2F6578742F6E6F726D616C2F35632F6875616E676C69616E77785F7468756D622E676966223E3C696D67207372633D22687474703A2F2F3132372E302E302E313A383030302F696D616765732F303736333931363434343631323835312E706E672220616C743D22756E6E616D656422207374796C653D226D61782D77696474683A20313030253B223E3C2F703E3C703EE7ACACE4B880E6ACA1E58699E5958AEFBC8CE5A5BDE7B4A7E5BCA03C2F703E3C703EE59388E59388E593883C2F703E3C703EE4B88BE99DA2E8BF99E698AFE4B880E5BCA0E59BBE3C2F703E3C703E3C696D67207372633D22687474703A2F2F3132372E302E302E313A383030302F696D616765732F33333833353537333830373338323735372E6A70672220616C743D224B6F616C6122207374796C653D226D61782D77696474683A20313030253B2077696474683A203735342E3270783B206865696768743A203536352E3270783B2220636C6173733D22223E3C62723E3C2F703E3C703EE8BF99E698AFE58685E5AEB9E58685E5AEB93C7370616E207374796C653D22646973706C61793A20696E6C696E652021696D706F7274616E743B223EE8BF99E698AFE58685E5AEB9E58685E5AEB93C7370616E207374796C653D22646973706C61793A20696E6C696E652021696D706F7274616E743B223EE8BF99E698AFE58685E5AEB9E58685E5AEB93C2F7370616E3E3C7370616E207374796C653D22646973706C61793A20696E6C696E652021696D706F7274616E743B223EE8BF99E698AFE58685E5AEB9E58685E5AEB93C2F7370616E3E3C62723E3C2F7370616E3E3C2F703E3C703EE8BF99E698AFE58685E5AEB9E58685E5AEB93C7370616E207374796C653D22646973706C61793A20696E6C696E652021696D706F7274616E743B223EE8BF99E698AFE58685E5AEB9E58685E5AEB93C2F7370616E3E3C7370616E207374796C653D22646973706C61793A20696E6C696E652021696D706F7274616E743B223EE8BF99E698AFE58685E5AEB9E58685E5AEB93C2F7370616E3E3C62723E3C2F703E3C703EE8BF99E698AFE58685E5AEB9E58685E5AEB93C7370616E207374796C653D22646973706C61793A20696E6C696E652021696D706F7274616E743B223EE8BF99E698AFE58685E5AEB9E58685E5AEB93C2F7370616E3E3C7370616E207374796C653D22646973706C61793A20696E6C696E652021696D706F7274616E743B223EE8BF99E698AFE58685E5AEB9E58685E5AEB93C2F7370616E3E3C62723E3C2F703E3C703EE8BF99E698AFE58685E5AEB9E58685E5AEB93C7370616E207374796C653D22646973706C61793A20696E6C696E652021696D706F7274616E743B223EE8BF99E698AFE58685E5AEB9E58685E5AEB93C2F7370616E3E3C7370616E207374796C653D22646973706C61793A20696E6C696E652021696D706F7274616E743B223EE8BF99E698AFE58685E5AEB9E58685E5AEB93C2F7370616E3E3C62723E3C2F703E3C703EE8BF99E698AFE58685E5AEB9E58685E5AEB93C7370616E207374796C653D22646973706C61793A20696E6C696E652021696D706F7274616E743B223EE8BF99E698AFE58685E5AEB9E58685E5AEB93C2F7370616E3E3C7370616E207374796C653D22646973706C61793A20696E6C696E652021696D706F7274616E743B223EE8BF99E698AFE58685E5AEB9E58685E5AEB93C2F7370616E3E3C62723E3C2F703E3C703EE8BF99E698AFE58685E5AEB9E58685E5AEB93C7370616E207374796C653D22646973706C61793A20696E6C696E652021696D706F7274616E743B223EE8BF99E698AFE58685E5AEB9E58685E5AEB93C2F7370616E3E3C7370616E207374796C653D22646973706C61793A20696E6C696E652021696D706F7274616E743B223EE8BF99E698AFE58685E5AEB9E58685E5AEB93C2F7370616E3E3C62723E3C2F703E3C703EE8BF99E698AFE58685E5AEB9E58685E5AEB93C7370616E207374796C653D22646973706C61793A20696E6C696E652021696D706F7274616E743B223EE8BF99E698AFE58685E5AEB9E58685E5AEB93C2F7370616E3E3C7370616E207374796C653D22646973706C61793A20696E6C696E652021696D706F7274616E743B223EE8BF99E698AFE58685E5AEB9E58685E5AEB93C2F7370616E3E3C62723E3C2F703E3C703EE8BF99E698AFE58685E5AEB9E58685E5AEB93C7370616E207374796C653D22646973706C61793A20696E6C696E652021696D706F7274616E743B223EE8BF99E698AFE58685E5AEB9E58685E5AEB93C2F7370616E3E3C7370616E207374796C653D22646973706C61793A20696E6C696E652021696D706F7274616E743B223EE8BF99E698AFE58685E5AEB9E58685E5AEB93C2F7370616E3E3C62723E3C2F703E3C703EE8BF99E698AFE58685E5AEB9E58685E5AEB93C7370616E207374796C653D22646973706C61793A20696E6C696E652021696D706F7274616E743B223EE8BF99E698AFE58685E5AEB9E58685E5AEB93C2F7370616E3E3C7370616E207374796C653D22646973706C61793A20696E6C696E652021696D706F7274616E743B223EE8BF99E698AFE58685E5AEB9E58685E5AEB93C2F7370616E3E3C62723E3C2F703E3C703EE8BF99E698AFE58685E5AEB9E58685E5AEB93C7370616E207374796C653D22646973706C61793A20696E6C696E652021696D706F7274616E743B223EE8BF99E698AFE58685E5AEB9E58685E5AEB93C2F7370616E3E3C7370616E207374796C653D22646973706C61793A20696E6C696E652021696D706F7274616E743B223EE8BF99E698AFE58685E5AEB9E58685E5AEB93C2F7370616E3E3C62723E3C2F703E3C703EE8BF99E698AFE58685E5AEB9E58685E5AEB93C7370616E207374796C653D22646973706C61793A20696E6C696E652021696D706F7274616E743B223EE8BF99E698AFE58685E5AEB9E58685E5AEB93C2F7370616E3E3C7370616E207374796C653D22646973706C61793A20696E6C696E652021696D706F7274616E743B223EE8BF99E698AFE58685E5AEB9E58685E5AEB93C2F7370616E3E3C62723E3C2F703E3C703EE8BF99E698AFE58685E5AEB9E58685E5AEB93C7370616E207374796C653D22646973706C61793A20696E6C696E652021696D706F7274616E743B223EE8BF99E698AFE58685E5AEB9E58685E5AEB9E4B8BAE4BD95E591A2E4B988E4B8BAE998BFE890A8E5BEB7E5958AE5958A7361643C2F7370616E3E3C62723E3C2F703E3C703E3C62723E3C2F703E, '这是摘要这是摘要这是摘要这是摘要这是摘要这是摘要这是摘要这是摘要这是摘要这是摘要这是摘要这是摘要这是摘要这是摘要这是摘要这是摘要这是摘要这是摘要这是摘要这是摘要这是摘要这是摘要这是摘要这是摘要这是摘要', '401', '后端开发 / php');
INSERT INTO `knowledge` VALUES ('7', '0', '1', '2017-05-09 09:46:46', '测试阅读数量', '4', '0', '0', 0x3C703EE8AFB7E8BE93E585A5E58685E5AEB92E2E2E3C2F703E3C703EE5939FE598BF3C2F703E, '测试阅读数量测试阅读数量测试阅读数量测试阅读数量测试阅读数量测试阅读数量测试阅读数量测试阅读数量测试阅读数量测试阅读数量测试阅读数量测试阅读数量测试阅读数量测试阅读数量测试阅读数量测试阅读数量测试阅读数量', '602', '其他 / 随便');
INSERT INTO `knowledge` VALUES ('10', '0', '1', '2017-05-09 11:28:24', '21 12 ', '0', '0', '0', 0x3C703EE8AFB7E8BE93E585A5E58685E5AEB92E2E2E3C2F703E3C703E3C62723E3C2F703E, '阿萨德按时打算打算打算打算打read_countsread_countsread_countsread_countsread_countsread_countsread_countsread_countsread_countsread_counts', '101', '前端开发 / css');
INSERT INTO `knowledge` VALUES ('11', '0', '1', '2017-05-09 11:28:44', 'read_counts', '1', '0', '1', 0x3C703EE8AFB7E8BE93E585A5E58685E5AEB92E2E2E3C7370616E207374796C653D22646973706C61793A20696E6C696E652021696D706F7274616E743B223E726561645F636F756E74733C2F7370616E3E3C7370616E207374796C653D22646973706C61793A20696E6C696E652021696D706F7274616E743B223E726561645F636F756E74733C2F7370616E3E3C62723E3C2F703E3C703E726561645F636F756E74733C7370616E207374796C653D22646973706C61793A20696E6C696E652021696D706F7274616E743B223E726561645F636F756E74733C2F7370616E3E3C7370616E207374796C653D22646973706C61793A20696E6C696E652021696D706F7274616E743B223E726561645F636F756E74733C2F7370616E3E3C62723E3C2F703E3C703E726561645F636F756E74733C7370616E207374796C653D22646973706C61793A20696E6C696E652021696D706F7274616E743B223E726561645F636F756E74733C2F7370616E3E3C7370616E207374796C653D22646973706C61793A20696E6C696E652021696D706F7274616E743B223E726561645F636F756E74733C2F7370616E3E3C62723E3C2F703E3C703E3C62723E3C2F703E, 'read_countsread_countsread_countsread_countsread_countsread_countsread_countsread_countsread_countsread_countsread_counts', '200', '数据库开发 / mysql');
INSERT INTO `knowledge` VALUES ('12', '0', '1', '2017-05-09 11:29:56', '11212', '0', '0', '1', 0x3C703EE8AFB7E8BE93E585A5E58685E5AEB92E2E2E3C2F703E3C703EE998BFE890A8E5BEB7E8BEBEE588B0E5958A643C7370616E207374796C653D22646973706C61793A20696E6C696E652021696D706F7274616E743B223EE998BFE890A8E5BEB7E8BEBEE588B0E5958A643C2F7370616E3E3C7370616E207374796C653D22646973706C61793A20696E6C696E652021696D706F7274616E743B223EE998BFE890A8E5BEB7E8BEBEE588B0E5958A643C2F7370616E3E3C7370616E207374796C653D22646973706C61793A20696E6C696E652021696D706F7274616E743B223EE998BFE890A8E5BEB7E8BEBEE588B0E5958A643C2F7370616E3E3C7370616E207374796C653D22646973706C61793A20696E6C696E652021696D706F7274616E743B223EE998BFE890A8E5BEB7E8BEBEE588B0E5958A643C2F7370616E3E3C7370616E207374796C653D22646973706C61793A20696E6C696E652021696D706F7274616E743B223EE998BFE890A8E5BEB7E8BEBEE588B0E5958A643C2F7370616E3E3C7370616E207374796C653D22646973706C61793A20696E6C696E652021696D706F7274616E743B223EE998BFE890A8E5BEB7E8BEBEE588B0E5958A643C2F7370616E3E3C7370616E207374796C653D22646973706C61793A20696E6C696E652021696D706F7274616E743B223EE998BFE890A8E5BEB7E8BEBEE588B0E5958A643C2F7370616E3E3C7370616E207374796C653D22646973706C61793A20696E6C696E652021696D706F7274616E743B223EE998BFE890A8E5BEB7E8BEBEE588B0E5958A643C2F7370616E3E3C7370616E207374796C653D22646973706C61793A20696E6C696E652021696D706F7274616E743B223EE998BFE890A8E5BEB7E8BEBEE588B0E5958A643C2F7370616E3E3C7370616E207374796C653D22646973706C61793A20696E6C696E652021696D706F7274616E743B223EE998BFE890A8E5BEB7E8BEBEE588B0E5958A643C2F7370616E3E3C7370616E207374796C653D22646973706C61793A20696E6C696E652021696D706F7274616E743B223EE998BFE890A8E5BEB7E8BEBEE588B0E5958A643C2F7370616E3E3C7370616E207374796C653D22646973706C61793A20696E6C696E652021696D706F7274616E743B223EE998BFE890A8E5BEB7E8BEBEE588B0E5958A643C2F7370616E3E3C7370616E207374796C653D22646973706C61793A20696E6C696E652021696D706F7274616E743B223EE998BFE890A8E5BEB7E8BEBEE588B0E5958A643C2F7370616E3E3C7370616E207374796C653D22646973706C61793A20696E6C696E652021696D706F7274616E743B223EE998BFE890A8E5BEB7E8BEBEE588B0E5958A643C2F7370616E3E3C7370616E207374796C653D22646973706C61793A20696E6C696E652021696D706F7274616E743B223EE998BFE890A8E5BEB7E8BEBEE588B0E5958A643C2F7370616E3E3C7370616E207374796C653D22646973706C61793A20696E6C696E652021696D706F7274616E743B223EE998BFE890A8E5BEB7E8BEBEE588B0E5958A643C2F7370616E3E3C7370616E207374796C653D22646973706C61793A20696E6C696E652021696D706F7274616E743B223EE998BFE890A8E5BEB7E8BEBEE588B0E5958A643C2F7370616E3E3C7370616E207374796C653D22646973706C61793A20696E6C696E652021696D706F7274616E743B223EE998BFE890A8E5BEB7E8BEBEE588B0E5958A643C2F7370616E3E3C7370616E207374796C653D22646973706C61793A20696E6C696E652021696D706F7274616E743B223EE998BFE890A8E5BEB7E8BEBEE588B0E5958A643C2F7370616E3E3C7370616E207374796C653D22646973706C61793A20696E6C696E652021696D706F7274616E743B223EE998BFE890A8E5BEB7E8BEBEE588B0E5958A643C2F7370616E3E3C7370616E207374796C653D22646973706C61793A20696E6C696E652021696D706F7274616E743B223EE998BFE890A8E5BEB7E8BEBEE588B0E5958A643C2F7370616E3E3C7370616E207374796C653D22646973706C61793A20696E6C696E652021696D706F7274616E743B223EE998BFE890A8E5BEB7E8BEBEE588B0E5958A643C2F7370616E3E3C7370616E207374796C653D22646973706C61793A20696E6C696E652021696D706F7274616E743B223EE998BFE890A8E5BEB7E8BEBEE588B0E5958A643C2F7370616E3E3C7370616E207374796C653D22646973706C61793A20696E6C696E652021696D706F7274616E743B223EE998BFE890A8E5BEB7E8BEBEE588B0E5958A643C2F7370616E3E3C7370616E207374796C653D22646973706C61793A20696E6C696E652021696D706F7274616E743B223EE998BFE890A8E5BEB7E8BEBEE588B0E5958A643C2F7370616E3E3C7370616E207374796C653D22646973706C61793A20696E6C696E652021696D706F7274616E743B223EE998BFE890A8E5BEB7E8BEBEE588B0E5958A643C2F7370616E3E3C7370616E207374796C653D22646973706C61793A20696E6C696E652021696D706F7274616E743B223EE998BFE890A8E5BEB7E8BEBEE588B0E5958A643C2F7370616E3E3C7370616E207374796C653D22646973706C61793A20696E6C696E652021696D706F7274616E743B223EE998BFE890A8E5BEB7E8BEBEE588B0E5958A643C2F7370616E3E3C7370616E207374796C653D22646973706C61793A20696E6C696E652021696D706F7274616E743B223EE998BFE890A8E5BEB7E8BEBEE588B0E5958A643C2F7370616E3E3C7370616E207374796C653D22646973706C61793A20696E6C696E652021696D706F7274616E743B223EE998BFE890A8E5BEB7E8BEBEE588B0E5958A643C2F7370616E3E3C7370616E207374796C653D22646973706C61793A20696E6C696E652021696D706F7274616E743B223EE998BFE890A8E5BEB7E8BEBEE588B0E5958A643C2F7370616E3E3C7370616E207374796C653D22646973706C61793A20696E6C696E652021696D706F7274616E743B223EE998BFE890A8E5BEB7E8BEBEE588B0E5958A643C2F7370616E3E3C7370616E207374796C653D22646973706C61793A20696E6C696E652021696D706F7274616E743B223EE998BFE890A8E5BEB7E8BEBEE588B0E5958A643C2F7370616E3E3C7370616E207374796C653D22646973706C61793A20696E6C696E652021696D706F7274616E743B223EE998BFE890A8E5BEB7E8BEBEE588B0E5958A643C2F7370616E3E3C7370616E207374796C653D22646973706C61793A20696E6C696E652021696D706F7274616E743B223EE998BFE890A8E5BEB7E8BEBEE588B0E5958A643C2F7370616E3E3C7370616E207374796C653D22646973706C61793A20696E6C696E652021696D706F7274616E743B223EE998BFE890A8E5BEB7E8BEBEE588B0E5958A643C2F7370616E3E3C7370616E207374796C653D22646973706C61793A20696E6C696E652021696D706F7274616E743B223EE998BFE890A8E5BEB7E8BEBEE588B0E5958A643C2F7370616E3E3C7370616E207374796C653D22646973706C61793A20696E6C696E652021696D706F7274616E743B223EE998BFE890A8E5BEB7E8BEBEE588B0E5958A643C2F7370616E3E3C7370616E207374796C653D22646973706C61793A20696E6C696E652021696D706F7274616E743B223EE998BFE890A8E5BEB7E8BEBEE588B0E5958A643C2F7370616E3E3C7370616E207374796C653D22646973706C61793A20696E6C696E652021696D706F7274616E743B223EE998BFE890A8E5BEB7E8BEBEE588B0E5958A643C2F7370616E3E3C7370616E207374796C653D22646973706C61793A20696E6C696E652021696D706F7274616E743B223EE998BFE890A8E5BEB7E8BEBEE588B0E5958A643C2F7370616E3E3C7370616E207374796C653D22646973706C61793A20696E6C696E652021696D706F7274616E743B223EE998BFE890A8E5BEB7E8BEBEE588B0E5958A643C2F7370616E3E3C7370616E207374796C653D22646973706C61793A20696E6C696E652021696D706F7274616E743B223EE998BFE890A8E5BEB7E8BEBEE588B0E5958A643C2F7370616E3E3C7370616E207374796C653D22646973706C61793A20696E6C696E652021696D706F7274616E743B223EE998BFE890A8E5BEB7E8BEBEE588B0E5958A643C2F7370616E3E3C7370616E207374796C653D22646973706C61793A20696E6C696E652021696D706F7274616E743B223EE998BFE890A8E5BEB7E8BEBEE588B0E5958A643C2F7370616E3E3C7370616E207374796C653D22646973706C61793A20696E6C696E652021696D706F7274616E743B223EE998BFE890A8E5BEB7E8BEBEE588B0E5958A643C2F7370616E3E3C7370616E207374796C653D22646973706C61793A20696E6C696E652021696D706F7274616E743B223EE998BFE890A8E5BEB7E8BEBEE588B0E5958A643C2F7370616E3E3C7370616E207374796C653D22646973706C61793A20696E6C696E652021696D706F7274616E743B223EE998BFE890A8E5BEB7E8BEBEE588B0E5958A643C2F7370616E3E3C7370616E207374796C653D22646973706C61793A20696E6C696E652021696D706F7274616E743B223EE998BFE890A8E5BEB7E8BEBEE588B0E5958A643C2F7370616E3E3C7370616E207374796C653D22646973706C61793A20696E6C696E652021696D706F7274616E743B223EE998BFE890A8E5BEB7E8BEBEE588B0E5958A643C2F7370616E3E3C7370616E207374796C653D22646973706C61793A20696E6C696E652021696D706F7274616E743B223EE998BFE890A8E5BEB7E8BEBEE588B0E5958A643C2F7370616E3E3C7370616E207374796C653D22646973706C61793A20696E6C696E652021696D706F7274616E743B223EE998BFE890A8E5BEB7E8BEBEE588B0E5958A643C2F7370616E3E3C7370616E207374796C653D22646973706C61793A20696E6C696E652021696D706F7274616E743B223EE998BFE890A8E5BEB7E8BEBEE588B0E5958A643C2F7370616E3E3C7370616E207374796C653D22646973706C61793A20696E6C696E652021696D706F7274616E743B223EE998BFE890A8E5BEB7E8BEBEE588B0E5958A643C2F7370616E3E3C7370616E207374796C653D22646973706C61793A20696E6C696E652021696D706F7274616E743B223EE998BFE890A8E5BEB7E8BEBEE588B0E5958A643C2F7370616E3E3C7370616E207374796C653D22646973706C61793A20696E6C696E652021696D706F7274616E743B223EE998BFE890A8E5BEB7E8BEBEE588B0E5958A643C2F7370616E3E3C7370616E207374796C653D22646973706C61793A20696E6C696E652021696D706F7274616E743B223EE998BFE890A8E5BEB7E8BEBEE588B0E5958A643C2F7370616E3E3C7370616E207374796C653D22646973706C61793A20696E6C696E652021696D706F7274616E743B223EE998BFE890A8E5BEB7E8BEBEE588B0E5958A643C2F7370616E3E3C7370616E207374796C653D22646973706C61793A20696E6C696E652021696D706F7274616E743B223EE998BFE890A8E5BEB7E8BEBEE588B0E5958A643C2F7370616E3E3C7370616E207374796C653D22646973706C61793A20696E6C696E652021696D706F7274616E743B223EE998BFE890A8E5BEB7E8BEBEE588B0E5958A643C2F7370616E3E3C7370616E207374796C653D22646973706C61793A20696E6C696E652021696D706F7274616E743B223EE998BFE890A8E5BEB7E8BEBEE588B0E5958A643C2F7370616E3E3C7370616E207374796C653D22646973706C61793A20696E6C696E652021696D706F7274616E743B223EE998BFE890A8E5BEB7E8BEBEE588B0E5958A643C2F7370616E3E3C696D67207372633D22687474703A2F2F3132372E302E302E313A383030302F696D616765732F393235333834323034363132383530322E6769662220616C743D22643864376432653264303939616630316635363565656233373835396331343322207374796C653D226D61782D77696474683A20313030253B223E3C2F703E3C703E3C62723E3C2F703E, '阿萨德达到啊d阿萨德达到啊d阿萨德达到啊d阿萨德达到啊d阿萨德达到啊d阿萨德达到啊d阿萨德达到啊d阿萨德达到啊d阿萨德达到啊d阿萨德达到啊d阿萨德达到啊d阿萨德达到啊d阿萨德达到啊d阿萨德达到啊d阿萨德达到啊d', '100', '前端开发 / html');
INSERT INTO `knowledge` VALUES ('13', '0', '1', '2017-05-09 11:30:22', '再有一个', '0', '0', '1', 0x3C703EE8AFB7E8BE93E585A5E58685E5AEB92E2E2E3C2F703E3C703EE998BFE890A8E5BEB7E8BEBEE588B0E5958A643C2F703E3C703E3C62723E3C2F703E, '阿萨德达到啊d阿萨德达到啊d阿萨德达到啊d阿萨德达到啊d阿萨德达到啊d阿萨德达到啊d阿萨德达到啊d阿萨德达到啊d阿萨德达到啊d阿萨德达到啊d阿萨德达到啊d阿萨德达到啊d阿萨德达到啊d阿萨德达到啊d阿萨德达到啊d阿萨德达到啊d阿萨德达到啊d', '100', '前端开发 / html');
INSERT INTO `knowledge` VALUES ('14', '0', '1', '2017-05-09 21:25:32', '今日工作', '0', '0', '1', 0x3C703E3C2F703E3C6469763E3C68333EE587A0E4B8AAE6B3A8E6848FE782B93C2F68333E3C2F6469763E3C703E3C2F703E3C7370616E207374796C653D22646973706C61793A20696E6C696E652021696D706F7274616E743B223E3C6F6C3E3C6C693E3C666F6E7420666163653D22E5BEAEE8BDAFE99B85E9BB91222073697A653D2232223EE4BB8AE5A4A9E4B8BBE8A681E698AFE5AE9EE78EB0E4BA86E69687E7ABA0E79A84E6909CE7B4A2EFBC8CE58C85E68BACE699AEE9809AE5928CE783ADE997A83C62723E3C2F666F6E743E3C2F6C693E3C6C693E3C666F6E7420666163653D22E5BEAEE8BDAFE99B85E9BB91222073697A653D2232223EE59BA0E4B8BAE7BB93E69E84E79A84E8AEBEE8AEA1E4B88DE59088E79086EFBC8CE5AE9EE78EB0E4B8ADE98187E588B0E68CBAE5A49AE997AEE9A298EFBC8CE6AF94E5A6823C62723E3C2F666F6E743E3C2F6C693E3C6C693E3C666F6E7420666163653D22E5BEAEE8BDAFE99B85E9BB91222073697A653D2232223EE5AFBCE888AAE6A08FE5928CE59084E4B8AAE9A1B5E99DA2E79A84E4BAA4E4BA92EFBC8CE78EB0E59CA8E5AE9EE78EB0E79A84E698AFE6909CE7B4A2E58FAAE59CA8E9A696E9A1B5E698BEE7A4BAEFBC8CE4BD86E698AFE6909CE7B4A2E6A186E58DB4E59CA8E6AF8FE4B8AAE9A1B5E99DA2E983BDE69C89EFBC8CE68980E4BBA5EFBC8CE59CA8E585B6E4BB96E9A1B5E99DA2E782B9E587BBE6909CE7B4A2E79A84E697B6E58099E99C80E8A681E8B7B3E59B9EE588B0E9A696E9A1B5EFBC8CE5B9B6E5AE9EE697B6E8BF9BE8A18CE6909CE7B4A2E38082E6ADA3E59BA0E6ADA4EFBC8CE5B086E5A484E79086E6909CE7B4A2E79A84E587BDE695B0E983BDE694BEE59CA8E4BA86E9A696E9A1B5E4B8ADEFBC8CE5B9B6E4BD9CE4B8BAE58F82E695B0E4BCA0E7BB99E5AFBCE888AAE6A08FEFBC8CE8BF99E6A0B7E5A682E69E9CE5AFBCE888AAE6A08FE59CA8E585B6E4BB96E9A1B5E99DA2E4B8ADE58C85E68BACE79A84E697B6E58099E5B0B1E58F96E4B88DE588B0E8BF99E4BA9BE587BDE695B0EFBC8CE697B6E997B4E7B4A7E8BFABEFBC8CE6B2A1E58A9EE6B395E9878DE696B0E58699E4B880E4B8AAE6909CE7B4A2E9A1B5E99DA2EFBC8CE68980E4BBA5E794A8E4BA86E4B880E4BA9B6861636BE696B9E6B395E8BF9BE8A18CE4BA86E5A484E79086EFBC8CE585B7E4BD93E58FAFE4BBA5E79C8BE5AFBCE888AAE6A08FE4BBA3E7A081E5AE9EE78EB03C2F666F6E743E3C62723E3C2F6C693E3C2F6F6C3E3C2F7370616E3E3C703EE8BF98E69C89E5B0B1E698AFE9A696E9A1B5E79A84E69FA5E8AFA23C2F703E3C703E266E6273703B20266E6273703B20E78EB0E69C89E79A84E68385E586B5E698AF20E5B086E9A1B5E695B0EFBC8CE6909CE7B4A2E585B3E994AEE5AD97EFBC8CE58886E7B1BBE585A8E983A8E4BD9CE4B8BAE69FA5E8AFA2E69DA1E4BBB6E8BF9BE8A18CE69FA5E8AFA2EFBC8CE999A4E99D9EE782B9E587BBE585A8E983A8E68C89E992AEE4B98BE5908EE6898DE4BC9AE6B885E7A9BAE585B3E994AEE5AD97E5928CE58886E7B1BB3C62723E3C2F703E3C703EE69C80E5908EE4B880E4B8AA3C2F703E3C703E266E6273703B20266E6273703B20E783ADE997A8E983A8E58886EFBC8CE6B2A1E69C89E58AA0E99990E588B6EFBC8CE68C89E8A784E58899E698BEE7A4BAE4BA86E585A8E983A8E79A84E69687E7ABA0EFBC8CE8A784E58899E698AFEFBC9AE68C89E785A720E99885E8AFBBE6ACA1E695B02BE8AF84E8AEBAE6ACA1E695B02A322BE694B6E8978FE6ACA1E695B02A3320E8BF9BE8A18CE4BA86E68E92E5BA8F3C2F703E3C703E3C2F703E3C703E3C2F703E3C703EE68891E59CA8E8BF99E584BF3C2F703E3C703E3C696D67207374796C653D226D61782D77696474683A313030253B22207372633D22687474703A2F2F6170692E6D61702E62616964752E636F6D2F737461746963696D6167653F63656E7465723D3132312E3533363230362C33382E383930343436267A6F6F6D3D313326616D703B77696474683D34373826616D703B6865696768743D32353826616D703B6D61726B6572733D3132312E3539333437382C33382E39343837317C3132312E3636393830322C33382E3838383435357C3132312E3533363138352C33382E3838383630357C3132312E3533363230362C33382E3839303434367C3132312E3533363230362C33382E3839303434367C3132312E3533363230362C33382E3839303434367C3132312E3533363230362C33382E3839303434367C3132312E3533363230362C33382E3839303434367C3132312E3533363230362C33382E3839303434367C3132312E3533363230362C33382E3839303434367C3132312E3533363230362C33382E3839303434367C3132312E3533363230362C33382E383930343436223E3C62723E3C2F703E3C703E3C62723E3C2F703E, '这个主要是写一下今天的工作这个主要是写一下今天的工作这个主要是写一下今天的工作这个主要是写一下今天的工作这个主要是写一下今天的工作这个主要是写一下今天的工作这个主要是写一下今天的工作这个主要是写一下今天的工作', '602', '其他 / 随便');
INSERT INTO `knowledge` VALUES ('16', '0', '1', '2017-05-10 16:22:22', 'window下杀死某一个端口进程', '2', '0', '2', 0x3C703EE6B2A1E4BB80E4B988EFBC8CE5B0B1E698AFE591BDE4BBA4E8A18CE689BEE587BA706964EFBC8CE784B6E5908E6B696C6CE58DB3E58FAFEFBC8CE6ADA5E9AAA43C2F703E3C703E3C6F6C3E3C6C693E266E6273703B6E657473746174202D616E6F207C2066696E6473747220383030303C2F6C693E3C6C693E266E6273703B7461736B6B696C6C202D66202D70696420E7ABAFE58FA3E58FB73C2F6C693E3C2F6F6C3E3C2F703E3C703E3C62723E3C2F703E, 'window下杀死某一个端口进程，window下杀死某一个端口进程window下杀死某一个端口进程window下杀死某一个端口进程window下杀死某一个端口进程window下杀死某一个端口进程window下杀死某一个端口进程', '600', '其他 / 随笔');
INSERT INTO `knowledge` VALUES ('19', '0', '2', '2017-05-12 14:29:13', '作为非管理员的第一篇文章', '4', '0', '1', 0x3C703EE8AFB7E8BE93E585A5E58685E5AEB92E2E2E3C2F703E3C703E3C696D67207372633D22687474703A2F2F696D672E742E73696E616A732E636E2F74342F6170707374796C652F65787072657373696F6E2F6578742F6E6F726D616C2F35632F6875616E676C69616E77785F7468756D622E676966223E3C696D67207372633D22687474703A2F2F696D672E742E73696E616A732E636E2F74342F6170707374796C652F65787072657373696F6E2F6578742F6E6F726D616C2F64392F79655F7468756D622E676966223E3C696D67207372633D22687474703A2F2F696D672E742E73696E616A732E636E2F74342F6170707374796C652F65787072657373696F6E2F6578742F6E6F726D616C2F64392F79655F7468756D622E676966223E3C696D67207372633D22687474703A2F2F696D672E742E73696E616A732E636E2F74342F6170707374796C652F65787072657373696F6E2F6578742F6E6F726D616C2F30622F776162695F7468756D622E676966223E3C62723E3C2F703E3C703E3C62723E3C2F703E, '测试用测试用测试用测试用测试用测试用测试用测试用测试用测试用测试用测试用测试用测试用测试用测试用测试用测试用测试用测试用测试用测试用测试用测试用测试用测试用测试用测试用测试用测试用测试用测试用测试用测试用', '602', '其他 / 随便');

-- ----------------------------
-- Table structure for user
-- ----------------------------
DROP TABLE IF EXISTS `user`;
CREATE TABLE `user` (
  `id` int(11) NOT NULL AUTO_INCREMENT,
  `name` varchar(20) NOT NULL,
  `password` varchar(20) NOT NULL,
  `admin` int(11) NOT NULL DEFAULT '0',
  `head_image` varchar(100) DEFAULT NULL,
  PRIMARY KEY (`id`)
) ENGINE=InnoDB AUTO_INCREMENT=3 DEFAULT CHARSET=utf8mb4;

-- ----------------------------
-- Records of user
-- ----------------------------
INSERT INTO `user` VALUES ('1', 'jiang', '123123', '1', 'images/33835573807382757.jpg');
INSERT INTO `user` VALUES ('2', 'hyhappy', '123', '0', 'images/head.jpg');
